jsonFile,startTime,endTime
6d4d0e91-6170-4b9c-bd43-f141f180c559.json,2019-11-25 15:27:58.354064,2019-11-25 15:28:38.741790
ab9c690a-98b3-4a3d-a301-2d9203d9b2d7.json,2019-11-25 15:28:08.236875,2019-11-25 15:28:38.741836
9e2ea816-2b8b-4f21-b822-0b9187350344.json,2019-11-25 15:28:23.742317,2019-11-25 15:28:38.745218
09bff464-a624-429d-90bc-da9cf70255e1.json,2019-11-25 15:28:24.160717,2019-11-25 15:28:38.745186
1268450a-4f9d-40a4-9289-9d0597eb6fec.json,2019-11-25 15:28:38.371722,2019-11-25 15:28:38.742817
b13b451e-b4b2-4f03-a863-c3c62dd40f3f.json,2019-11-25 15:28:39.606551,2019-11-25 15:28:39.613047
8ce7e6ef-ef8d-48fa-820b-b16c36c8293a.json,2019-11-25 15:28:39.615028,2019-11-25 15:28:39.619536
1ee243e5-bf61-4747-b333-2cd6c20b4f23.json,2019-11-25 15:28:39.646369,2019-11-25 15:28:39.650253
debdc435-1441-48cf-acca-0dad66e9bbfd.json,2019-11-25 15:28:39.803987,2019-11-25 15:28:39.816050
494c7e90-b23c-4ff6-95ec-1faf62481ba1.json,2019-11-25 15:28:39.805032,2019-11-25 15:28:39.814701
3b0fb669-f38e-4e0f-9f09-e267489d1988.json,2019-11-25 15:28:40.475406,2019-11-25 15:28:40.478866
8c97887d-b7c8-4e96-98f3-1bf4c79fd162.json,2019-11-25 15:28:40.487174,2019-11-25 15:28:40.492349
ae8276e3-3763-4369-937b-41d6ecf3b45e.json,2019-11-25 15:28:40.507812,2019-11-25 15:28:40.511339
502e371d-b241-4aed-be81-5d9c8269fbde.json,2019-11-25 15:28:40.541298,2019-11-25 15:28:40.546429
930253e6-8a09-4466-bea1-47b47c572dfa.json,2019-11-25 15:28:40.572440,2019-11-25 15:28:40.575514
1d7c6930-ad82-4f7b-a308-db369330347a.json,2019-11-25 15:28:41.326743,2019-11-25 15:28:41.331277
7268ba00-71a7-470b-aa51-1958b0f520d3.json,2019-11-25 15:28:41.337045,2019-11-25 15:28:41.341917
32a87737-002a-4750-93fa-fb95d7fb0d04.json,2019-11-25 15:28:41.350832,2019-11-25 15:28:41.355443
5a2940d0-b389-4832-b987-6820161fbb2a.json,2019-11-25 15:28:41.355448,2019-11-25 15:28:41.362007
24e3d434-f954-4880-9f73-ba87b47ecac4.json,2019-11-25 15:28:41.395189,2019-11-25 15:28:41.401332
39554a63-c63e-425e-bbcc-ada697ffd05b.json,2019-11-25 15:28:42.090614,2019-11-25 15:28:42.095663
a737a966-681f-4b3b-9735-6728dbd4c26d.json,2019-11-25 15:28:42.102466,2019-11-25 15:28:42.106885
56839590-2b7e-4ca3-bf3f-8f494e9a2d7f.json,2019-11-25 15:28:42.108159,2019-11-25 15:28:42.112803
a8f3597c-9103-4537-a692-c60e539f1ed8.json,2019-11-25 15:28:42.167801,2019-11-25 15:28:42.173724
59216f60-3ffd-488a-b068-0aefa7f84607.json,2019-11-25 15:28:42.486916,2019-11-25 15:28:42.494753
001feb1a-5283-4df3-9872-9b84714958c0.json,2019-11-25 15:28:42.944189,2019-11-25 15:28:42.948890
d9565ca7-9b63-43c4-a4f9-9bef535417f3.json,2019-11-25 15:28:42.960396,2019-11-25 15:28:42.965059
22213828-0074-4184-aa4e-444af2ba1380.json,2019-11-25 15:28:42.999418,2019-11-25 15:28:43.004036
482491cf-8005-4eb2-9784-f792b653f8d3.json,2019-11-25 15:28:43.069375,2019-11-25 15:28:43.073682
061d5a41-8e61-4e03-a0af-a88a5a18ca73.json,2019-11-25 15:28:43.388594,2019-11-25 15:28:43.393435
47c1d6c0-28d6-4f1d-9f44-49b4ab2cfa1f.json,2019-11-25 15:28:43.710744,2019-11-25 15:28:43.718349
aeb25897-ed3e-4f00-be3b-4274cd97d6be.json,2019-11-25 15:28:43.779169,2019-11-25 15:28:43.783359
9c51cb75-425f-4923-8c33-ecff8c01dcea.json,2019-11-25 15:28:43.785099,2019-11-25 15:28:43.793263
dc9621f8-db4e-496b-b7ad-b2ec2c5ec10a.json,2019-11-25 15:28:43.906906,2019-11-25 15:28:43.911944
8334efab-58e0-446e-958d-c924f9a58ad9.json,2019-11-25 15:28:44.177312,2019-11-25 15:28:44.181428
2e19b792-fba9-458c-8cc1-4b3ccc182c93.json,2019-11-25 15:42:38.110011,2019-11-25 15:42:49.655687
0e46c288-1143-4c41-8434-2cde9a047642.json,2019-11-25 15:42:38.157321,2019-11-25 15:42:49.647488
4779b433-829e-4987-9564-aaffe61706e4.json,2019-11-25 15:42:41.183932,2019-11-25 15:42:49.648644
6b7a172b-d0ec-43cf-8d9f-520917867c5c.json,2019-11-25 15:42:47.026202,2019-11-25 15:42:49.670396
e0dd1ee2-b200-442d-a11b-1c7641d63d41.json,2019-11-25 15:42:47.369845,2019-11-25 15:42:49.803743
9467b9bc-8036-4bc6-8817-82a03f1daad1.json,2019-11-25 15:42:50.352244,2019-11-25 15:42:50.358391
a0539292-d396-4a28-ad70-04ac0ecdb50c.json,2019-11-25 15:42:50.472378,2019-11-25 15:42:50.477032
7d9723a7-698d-42aa-a956-83a070140df1.json,2019-11-25 15:42:50.484460,2019-11-25 15:42:50.489320
884f2b6b-7d28-465e-82a5-c34a323b371d.json,2019-11-25 15:42:50.485323,2019-11-25 15:42:50.489235
34a2c05d-8035-45ea-8e66-97108a0a89b1.json,2019-11-25 15:42:50.543067,2019-11-25 15:42:50.548088
63845ae7-ef75-4324-95eb-1572a119eaa9.json,2019-11-25 15:42:51.179743,2019-11-25 15:42:51.183536
2808d83c-ab8f-4327-b318-5278a889a705.json,2019-11-25 15:42:51.206293,2019-11-25 15:42:51.210082
e17d5a5b-7bff-461a-ab48-382e092ef6b4.json,2019-11-25 15:42:51.269669,2019-11-25 15:42:51.277167
0d6ea774-1245-46d3-896c-4b3acee7c254.json,2019-11-25 15:42:51.270862,2019-11-25 15:42:51.277182
1e217155-5713-4e21-ab29-bfcf77d265d0.json,2019-11-25 15:42:51.419913,2019-11-25 15:42:51.423293
d25af16e-fab6-4761-8845-91d6dac14ae8.json,2019-11-25 15:42:51.884566,2019-11-25 15:42:51.893312
2f068682-36bd-4b4b-9461-eccb7469caa9.json,2019-11-25 15:42:51.901025,2019-11-25 15:42:51.906264
da265ddc-bb4f-4ae3-b816-e88b0b6c77ed.json,2019-11-25 15:42:51.939763,2019-11-25 15:42:51.943444
1590c01f-8eb3-4fd3-82ed-0d0467c31e37.json,2019-11-25 15:42:52.002872,2019-11-25 15:42:52.007545
5d96a0fa-2393-43d8-ac01-baaa45c09ed5.json,2019-11-25 15:42:52.225311,2019-11-25 15:42:52.232610
e3b617ff-f745-4f35-a505-ea7b104b9db5.json,2019-11-25 15:42:52.686958,2019-11-25 15:42:52.691379
e8cbea36-bd32-4c90-b373-efc149d04569.json,2019-11-25 15:42:52.714991,2019-11-25 15:42:52.721448
3cb7b324-5f9b-40d6-b624-4195dfca39bb.json,2019-11-25 15:42:52.733506,2019-11-25 15:42:52.741128
3991ad67-906a-45de-98d5-2433ed5c1843.json,2019-11-25 15:42:52.858957,2019-11-25 15:42:52.863916
986ac796-ba4b-4e26-9a58-5ab73ab41b7d.json,2019-11-25 15:42:53.067211,2019-11-25 15:42:53.076934
971da630-e748-45b9-9f4f-d6b0ae0e2ff5.json,2019-11-25 15:42:53.452141,2019-11-25 15:42:53.463336
cf468815-6fe5-4b48-90ab-5c6732bc784c.json,2019-11-25 15:42:53.452416,2019-11-25 15:42:53.455980
8846da42-8e16-48c4-9514-d9c3ddaebe3b.json,2019-11-25 15:42:53.488281,2019-11-25 15:42:53.494419
a601162f-248b-4287-a8d4-4ba1fad30af5.json,2019-11-25 15:42:53.581597,2019-11-25 15:42:53.584646
dd31a62f-8645-48a1-b3e5-a1fb956a1124.json,2019-11-25 15:42:53.813163,2019-11-25 15:42:53.821123
d03ed3a9-4c8a-4161-9def-fd9e64bd5162.json,2019-11-25 15:42:54.172916,2019-11-25 15:42:54.182243
fff4f32a-ded8-4558-aa79-e95c6410940b.json,2019-11-25 15:42:54.181681,2019-11-25 15:42:54.186282
0b7dc3b2-d6ba-466f-9d80-03bd55014ff8.json,2019-11-25 15:42:54.255383,2019-11-25 15:42:54.259365
8a0aa19c-1cca-4411-ac93-ac7656823865.json,2019-11-25 15:42:54.535067,2019-11-25 15:42:54.543889
055f3634-db4a-4aa3-a80c-3aeba14c42bb.json,2019-11-25 15:42:54.550402,2019-11-25 15:42:54.553621
7cbba03b-1ebe-43ac-bcb7-170a0b1d95a1.json,2019-11-25 15:42:54.880682,2019-11-25 15:42:54.885301
76cf0cd4-d98c-4449-b68a-e3ac344a3331.json,2019-11-25 15:42:54.897832,2019-11-25 15:42:54.905921
dbc8a048-e057-4e97-9c11-0d1fe172b280.json,2019-11-25 15:42:54.968274,2019-11-25 15:42:54.982011
f3e2c823-873c-4f92-a1d7-c148df8c829e.json,2019-11-25 15:42:55.328593,2019-11-25 15:42:55.333001
53441264-980a-42f5-b973-e20ae4fa50e4.json,2019-11-25 15:42:55.364101,2019-11-25 15:42:55.369602
440badb1-687e-46c9-a6d7-4de04a878932.json,2019-11-25 15:42:55.660793,2019-11-25 15:42:55.664492
2f9f868e-3b49-484d-af71-593e30971a66.json,2019-11-25 15:42:55.704245,2019-11-25 15:42:55.708349
a7f6eddb-5f0b-41d0-a6e7-44fa383a2300.json,2019-11-25 15:42:55.745569,2019-11-25 15:42:55.750574
cdb3580f-67c1-4716-b62f-f004ab86a1fe.json,2019-11-25 15:42:56.075224,2019-11-25 15:42:56.079728
d46bfe5a-afa8-46cb-b69f-8fd716a79880.json,2019-11-25 15:42:56.096938,2019-11-25 15:42:56.103381
bc931eb9-37a1-4479-888c-96aa586f99a9.json,2019-11-25 15:42:56.442773,2019-11-25 15:42:56.447004
c1f3de04-7402-4592-ad77-a6a6bda1f26d.json,2019-11-25 15:42:56.485804,2019-11-25 15:42:56.490482
b667383a-ff20-40ce-957f-e0baed874ffe.json,2019-11-25 15:42:56.563826,2019-11-25 15:42:56.568404
47c5eebd-7879-492e-a757-bc4ecc9e6f2b.json,2019-11-25 15:42:56.883417,2019-11-25 15:42:56.888454
2c47c8d5-8783-458e-8723-149046f82b63.json,2019-11-25 15:42:56.935997,2019-11-25 15:42:56.940907
ee95250a-3275-4f78-88bb-f738ab68ca93.json,2019-11-25 15:42:57.241339,2019-11-25 15:42:57.246365
9e0d53fa-603e-4fe3-b4e7-db5493a08122.json,2019-11-25 15:42:57.289270,2019-11-25 15:42:57.297093
6cea0893-c184-4cea-b681-d1e60fc9ae64.json,2019-11-25 15:42:57.784339,2019-11-25 15:42:57.788387
9930a7d4-08a2-4bba-b5b7-c0cee2a892cb.json,2019-11-25 15:42:57.839595,2019-11-25 15:42:57.845650
40d872dc-65c3-4f7a-a2cd-516158058ef2.json,2019-11-25 15:42:57.847957,2019-11-25 15:42:57.855261
81817ea9-f64b-418f-8202-fecd3e67180b.json,2019-11-25 15:42:58.054537,2019-11-25 15:42:58.058607
e6c2e654-ba63-415c-b9f8-390708d6a86e.json,2019-11-25 15:42:58.081318,2019-11-25 15:42:58.084462
7ae3a14a-9f66-49bf-bbca-b0f8bd6561e0.json,2019-11-25 15:42:58.552860,2019-11-25 15:42:58.561999
e237edce-7a89-48f3-9085-b08c29d97449.json,2019-11-25 15:42:58.616580,2019-11-25 15:42:58.622142
05d23e07-9b41-4854-ab36-06c20605874f.json,2019-11-25 15:42:58.662797,2019-11-25 15:42:58.668363
cd1b990c-1fb7-4496-8ea4-1ddbddd006ac.json,2019-11-25 15:42:58.830499,2019-11-25 15:42:58.835440
20e0e509-7fd0-497a-9c69-a3e6f06bdd02.json,2019-11-25 15:42:58.917552,2019-11-25 15:42:58.922092
58739de3-3111-4215-9b31-b4943f6e8e46.json,2019-11-25 15:42:59.373616,2019-11-25 15:42:59.379599
52e4f61a-d2a2-46a6-b0a7-48be246cdec2.json,2019-11-25 15:54:19.395342,2019-11-25 15:54:38.724942
da5eca1d-464c-4e2f-9487-5253497f4ee8.json,2019-11-25 15:54:19.708954,2019-11-25 15:54:38.727305
6b435da1-0345-4118-a1d1-18e180fe82d0.json,2019-11-25 15:54:21.485585,2019-11-25 15:54:38.726323
862fb619-82b8-4b20-98f5-8bd2059bd98d.json,2019-11-25 15:54:37.060091,2019-11-25 15:54:40.199903
1c2f7714-7149-487a-9926-5105ebb8d7d6.json,2019-11-25 15:54:37.080489,2019-11-25 15:54:40.137948
e48bde61-b909-4751-afd4-4c14bf73282d.json,2019-11-25 15:54:39.380391,2019-11-25 15:54:39.385770
09055870-cca6-4d6b-a910-e20c694f59a2.json,2019-11-25 15:54:39.613852,2019-11-25 15:54:39.619450
14bb2f43-d15b-444c-8a50-f3861ae206aa.json,2019-11-25 15:54:39.663081,2019-11-25 15:54:39.667439
5e060498-06e5-48ab-90d6-371b6029867b.json,2019-11-25 15:54:40.052955,2019-11-25 15:54:40.056172
cbaad3e8-6f60-4ab9-860c-6fe20e5f62b2.json,2019-11-25 15:54:40.259345,2019-11-25 15:54:40.264916
c81d6c53-97b5-40e5-902b-ffe6de331965.json,2019-11-25 15:54:40.324976,2019-11-25 15:54:40.331134
7afa8f3e-b28e-41ad-acdc-6ee57bf1a208.json,2019-11-25 15:54:40.714775,2019-11-25 15:54:40.720046
49fea2f2-1996-445e-bde3-500d674f088c.json,2019-11-25 15:54:40.870498,2019-11-25 15:54:40.875348
826eaabc-eee3-4a46-90a9-4d5a697aff3d.json,2019-11-25 15:54:40.936920,2019-11-25 15:54:40.941945
3bdced5b-425f-4b7c-8304-5d26b0b9d571.json,2019-11-25 15:54:41.040512,2019-11-25 15:54:41.045217
3c6e4fc3-b2d2-411a-8508-cf8b92742113.json,2019-11-25 15:54:41.097161,2019-11-25 15:54:41.102621
8a1dcdcd-a973-47ef-8fd0-1b64350a6aa8.json,2019-11-25 15:54:41.447425,2019-11-25 15:54:41.453969
d4783a7e-fd98-4800-abbd-bf26c7ecc9ad.json,2019-11-25 15:54:41.718274,2019-11-25 15:54:41.722858
d6bd88ef-072a-42cc-bdac-f2a684c21814.json,2019-11-25 15:54:41.738953,2019-11-25 15:54:41.742616
3a2d2598-82e8-458f-9359-2ed8c71db72e.json,2019-11-25 15:54:41.844979,2019-11-25 15:54:41.850029
5e95883c-56cb-4d48-aaeb-a9a4531d7359.json,2019-11-25 15:54:42.049420,2019-11-25 15:54:42.053386
19bef1fa-f03d-4e5e-a34e-da2ee8d6590a.json,2019-11-25 15:54:42.332940,2019-11-25 15:54:42.337321
37ed3b0d-f844-40af-b740-e969d1058fb6.json,2019-11-25 15:54:42.474156,2019-11-25 15:54:42.479013
ef8396a9-1953-4f3a-9790-5d18142bc5e1.json,2019-11-25 15:54:42.481070,2019-11-25 15:54:42.485025
0c1c6d8f-1e2f-4aaf-9e90-c9123bc47c36.json,2019-11-25 15:54:42.637335,2019-11-25 15:54:42.641249
f1ad95a0-4e03-46c9-9edf-41490382ec85.json,2019-11-25 15:54:42.799067,2019-11-25 15:54:42.803862
759df790-474f-427b-ac02-f1616cb05899.json,2019-11-25 15:54:43.092430,2019-11-25 15:54:43.096454
fe63ff20-744f-43de-b286-87723831c720.json,2019-11-25 15:54:43.244826,2019-11-25 15:54:43.249213
fe5f8f88-993a-4dc1-8d34-37812f8de8c3.json,2019-11-25 15:54:43.281548,2019-11-25 15:54:43.286607
13022d45-93d8-4020-b18b-75d749a37698.json,2019-11-25 15:54:43.424986,2019-11-25 15:54:43.430441
8358ba50-a29e-4b2a-a7ce-c753155b4ed1.json,2019-11-25 15:54:43.621467,2019-11-25 15:54:43.625866
9113c93a-ed36-43dd-962f-366f7662864e.json,2019-11-25 15:54:44.066161,2019-11-25 15:54:44.070675
c7447784-8dc6-4ddd-8f88-978868fe4e8b.json,2019-11-25 15:54:44.079568,2019-11-25 15:54:44.083553
17e87266-59aa-4398-9dca-91e6e8ed1bb6.json,2019-11-25 15:54:44.317536,2019-11-25 15:54:44.321270
bd3d8897-a407-42b1-85ee-5098e234afd5.json,2019-11-25 15:54:44.432660,2019-11-25 15:54:44.436897
9173fe8c-daa3-46c7-ab70-716e59fc398e.json,2019-11-25 15:54:44.559329,2019-11-25 15:54:44.563793
5f9d6a18-05c6-4705-9359-a7a0b0f44d87.json,2019-11-25 15:54:44.830210,2019-11-25 15:54:44.834757
56e12a54-e6a7-42e5-8397-f5eb5a513f7d.json,2019-11-25 15:54:44.837770,2019-11-25 15:54:44.842051
fb940711-f8fe-4087-bc3d-d0df8cd030a7.json,2019-11-25 15:54:45.118725,2019-11-25 15:54:45.127879
81a9b0b6-beec-4fb6-861b-a8258d175577.json,2019-11-25 15:54:45.302618,2019-11-25 15:54:45.313933
b3e0a7e6-4454-462b-91f3-414b87641f53.json,2019-11-25 15:54:45.364938,2019-11-25 15:54:45.369573
cee729c4-9abc-47e0-9142-536485fb5122.json,2019-11-25 15:54:45.578559,2019-11-25 15:54:45.582798
97380465-f1d3-4648-a8f7-e62b98a1fa70.json,2019-11-25 15:54:45.708078,2019-11-25 15:54:45.712347
1f7df9ff-0048-4275-9c5f-d530c1a73809.json,2019-11-25 15:54:45.914363,2019-11-25 15:54:45.919488
e9c30b9c-f1ee-465f-84e5-3c14702f1f99.json,2019-11-25 16:06:15.054607,2019-11-25 16:06:30.883556
45d93f9a-340a-4211-be1d-7179f052a496.json,2019-11-25 16:06:17.752528,2019-11-25 16:06:30.883565
38b9e143-cad0-47f5-b8a9-87f4982825ae.json,2019-11-25 16:06:18.589184,2019-11-25 16:06:30.965410
207ffc17-7e15-4361-a44c-f0b338011f3f.json,2019-11-25 16:06:18.829373,2019-11-25 16:06:30.882146
1325bfb6-6e7e-470c-a235-220565298fe3.json,2019-11-25 16:06:30.101201,2019-11-25 16:06:32.462150
6e4d5f6d-753e-4fd4-bd99-8df4abe9aa12.json,2019-11-25 16:06:31.605761,2019-11-25 16:06:31.611943
bd4f1801-e3e9-4063-a816-90c14ce54224.json,2019-11-25 16:06:31.669538,2019-11-25 16:06:31.674521
47e77efb-53db-4205-9b3a-4d2dbb6b9535.json,2019-11-25 16:06:31.718509,2019-11-25 16:06:31.723328
4165081a-f877-45a2-b5da-82a0ea27f1a8.json,2019-11-25 16:06:31.873786,2019-11-25 16:06:31.879675
8e668ff9-0c0c-4ad7-962e-6e721afb3fe6.json,2019-11-25 16:06:32.331986,2019-11-25 16:06:32.335756
b29337ab-9c22-4271-83e3-bd6a486fa77c.json,2019-11-25 16:06:32.381783,2019-11-25 16:06:32.385933
f70e0de0-25e6-46e0-8bcd-cd310d545021.json,2019-11-25 16:06:32.450879,2019-11-25 16:06:32.455295
4ca9aa7b-c2a6-4d13-bc20-8683fed8c545.json,2019-11-25 16:06:32.642479,2019-11-25 16:06:32.647095
b13a372a-6fc2-422c-9ace-eb841c14e71c.json,2019-11-25 16:06:33.062088,2019-11-25 16:06:33.067711
c1e15a68-a016-450f-b6f9-1db31f8624fd.json,2019-11-25 16:06:33.110208,2019-11-25 16:06:33.113973
08f82840-583b-4153-963c-992ecd530a97.json,2019-11-25 16:06:33.228524,2019-11-25 16:06:33.233766
d9a74622-5f91-4694-bf85-e3074243f272.json,2019-11-25 16:06:33.230886,2019-11-25 16:06:33.235277
9d19aa3a-7d80-49d7-95f2-af3dc7577f2c.json,2019-11-25 16:06:33.386910,2019-11-25 16:06:33.392051
6e1a4f45-e375-4594-835c-047fb180b40f.json,2019-11-25 16:06:33.828249,2019-11-25 16:06:33.834558
aba20e1e-afd1-4d0a-b63e-3165972f1e92.json,2019-11-25 16:06:33.968948,2019-11-25 16:06:33.973954
da84a94b-70f6-4336-9211-dacf818ee639.json,2019-11-25 16:06:34.019143,2019-11-25 16:06:34.024316
c778cdf2-00f6-4050-9508-5dd912eb0db0.json,2019-11-25 16:06:34.132577,2019-11-25 16:06:34.136670
b6cfdb4f-e0b2-4ec9-b901-880aded6d88b.json,2019-11-25 16:06:34.143457,2019-11-25 16:06:34.148567
d1ff0e71-53f7-4295-a2c3-a277f8f39f5e.json,2019-11-25 16:06:34.807980,2019-11-25 16:06:34.815263
a2d7ea84-dec2-4f8a-b7ac-ebdf9971a434.json,2019-11-25 16:06:34.993852,2019-11-25 16:06:34.999688
75f5edfc-ba7c-4771-8bdd-1d737f1050d5.json,2019-11-25 16:06:35.097594,2019-11-25 16:06:35.102014
d481cdd1-1de2-4d1d-9d4c-3d94a70e173a.json,2019-11-25 16:06:35.469339,2019-11-25 16:06:35.474060
ec4263b7-c815-4e0d-a2bc-34f739236b93.json,2019-11-25 16:06:35.472824,2019-11-25 16:06:35.478609
30fc5ac4-85ef-48f0-ab02-fcda132bb741.json,2019-11-25 16:06:35.868638,2019-11-25 16:06:35.872609
726eddc7-ec54-45bb-8072-0d89bdeaaaf9.json,2019-11-25 16:06:35.888762,2019-11-25 16:06:35.891935
96c967e0-47c7-43d0-a9a1-6cafb089631f.json,2019-11-25 16:06:35.924362,2019-11-25 16:06:35.929951
979eb967-4165-478b-96b0-0f918e27362f.json,2019-11-25 16:06:36.272948,2019-11-25 16:06:36.278575
b51026c0-9b8a-4a35-be8a-c5e99b35a1d8.json,2019-11-25 16:06:36.334746,2019-11-25 16:06:36.339698
cfb91047-7606-4d40-9f23-c6e895d4371e.json,2019-11-25 16:06:36.600556,2019-11-25 16:06:36.605887
3d9e8f1f-702b-406d-93a2-4520fe1ddaad.json,2019-11-25 16:06:36.638797,2019-11-25 16:06:36.648172
9e451829-71e0-445a-9cc1-e8a41006330c.json,2019-11-25 16:06:36.694654,2019-11-25 16:06:36.698734
87cc1d3d-023d-445b-a43f-6cdedbd96704.json,2019-11-25 16:06:36.988569,2019-11-25 16:06:36.996010
b0dccb63-2bcd-434b-b9d8-fb051d8d70ec.json,2019-11-25 16:06:37.019164,2019-11-25 16:06:37.023892
0ef2f957-190e-4f74-8659-2d4125ecffe1.json,2019-11-25 16:06:37.357984,2019-11-25 16:06:37.364813
1335f7c9-6095-4dce-9df4-baf6108d0dcf.json,2019-11-25 16:06:37.394506,2019-11-25 16:06:37.399323
02c9e3e5-ca13-40fa-9a62-751385d46978.json,2019-11-25 16:06:37.683844,2019-11-25 16:06:37.688052
8d7f3001-8de1-4a91-a9a9-1c764dbfc201.json,2019-11-25 16:06:37.746417,2019-11-25 16:06:37.751354
33ad23bf-f481-4815-9888-01131837afee.json,2019-11-25 16:06:37.764258,2019-11-25 16:06:37.769576
7aedb979-b7eb-482b-8989-5f79b9f9bc56.json,2019-11-25 16:06:38.152871,2019-11-25 16:06:38.158421
6d8176d7-1d6a-40b8-941d-dd7d8fa8901f.json,2019-11-25 16:06:38.201458,2019-11-25 16:06:38.206585
e3a7becc-f065-4ed7-ba27-105acbfb5179.json,2019-11-25 16:06:38.477641,2019-11-25 16:06:38.483018
24c1da2a-1d99-4f28-8a95-44fa38fcaad1.json,2019-11-25 16:06:38.562040,2019-11-25 16:06:38.568797
0be7d720-7839-4585-9c9d-c6c6eb7f2b30.json,2019-11-25 16:06:38.574627,2019-11-25 16:06:38.581814
516329be-3367-4186-b3bc-d0d39b9e32ec.json,2019-11-25 16:06:38.928471,2019-11-25 16:06:38.933268
7fd34446-3264-428f-9d2e-18e492711e27.json,2019-11-25 16:06:38.963571,2019-11-25 16:06:38.968338
a59273a0-e21c-40d9-8db5-61bf40a39717.json,2019-11-25 16:06:39.236035,2019-11-25 16:06:39.242067
868721ad-157b-4245-8699-3ff14779494a.json,2019-11-25 16:06:39.349067,2019-11-25 16:06:39.353656
a0aa3bbf-fd25-442d-8db9-2906436c5132.json,2019-11-25 16:06:39.386471,2019-11-25 16:06:39.390874
d396378e-6336-43df-b400-4c32b3572a8b.json,2019-11-25 16:06:39.714055,2019-11-25 16:06:39.718983
730828ba-977e-4aea-8d81-4d801a0dabc6.json,2019-11-25 16:06:39.729749,2019-11-25 16:06:39.733598
41ba9e2c-b6be-4fa3-82a1-c78318033ec4.json,2019-11-25 16:06:40.034676,2019-11-25 16:06:40.038823
47b7258e-be5c-42b5-a251-8dbe04967234.json,2019-11-25 16:06:40.101254,2019-11-25 16:06:40.105778
13f0fb21-0694-43d3-93e3-c6c11181ce86.json,2019-11-25 16:06:40.292964,2019-11-25 16:06:40.297217
f298262e-a69b-4895-bc03-dc793cca227e.json,2019-11-25 16:06:40.451511,2019-11-25 16:06:40.456228
3e9557c4-e0cc-49bc-8230-1f8711b2e29c.json,2019-11-25 16:06:40.453294,2019-11-25 16:06:40.458458
c880af45-ee83-4db3-8570-a4740e87e6d3.json,2019-11-25 16:06:40.834782,2019-11-25 16:06:40.839140
f820c1fb-6122-4729-9800-4ac68c783b84.json,2019-11-25 16:06:40.870755,2019-11-25 16:06:40.875805
16326988-f697-429a-bc59-67aa1a9bf28e.json,2019-11-25 16:06:41.100967,2019-11-25 16:06:41.105837
c4c0d575-f514-4275-9fba-9469068ca5ff.json,2019-11-25 16:06:41.187615,2019-11-25 16:06:41.192309
d0a54e2a-68f8-4dad-bf0f-652db9e1e2c4.json,2019-11-25 16:06:41.237307,2019-11-25 16:06:41.241742
57eb25dd-e38b-4fc6-b2e5-6c51560f4d9b.json,2019-11-25 16:19:01.052123,2019-11-25 16:19:09.317320
ce2038ae-9667-4c0c-8102-9859f1056610.json,2019-11-25 16:19:01.808375,2019-11-25 16:19:09.325744
952c43b9-67c4-42df-a542-ac088b8d992d.json,2019-11-25 16:19:05.283566,2019-11-25 16:19:09.394189
8fb8ee3c-c8f4-46af-a4a2-92188cda4fed.json,2019-11-25 16:19:05.319629,2019-11-25 16:19:09.358806
ee36dd45-fbf7-425a-8d3e-5bc200d3c908.json,2019-11-25 16:19:08.721386,2019-11-25 16:19:11.114754
26cbc6cd-b0e8-40bd-96fd-cb3265b11aa1.json,2019-11-25 16:19:10.022608,2019-11-25 16:19:10.027940
a6f3af80-b7c9-4357-ba38-a9440982bf2a.json,2019-11-25 16:19:10.025995,2019-11-25 16:19:10.030619
61865ad6-6cbb-40c1-82d4-246acf2019c2.json,2019-11-25 16:19:10.131438,2019-11-25 16:19:10.136288
76f306b6-4a79-4641-9935-ffa10e29db9f.json,2019-11-25 16:19:10.152368,2019-11-25 16:19:10.157319
ce62672c-0b4d-4fd2-bd67-aceec25089b9.json,2019-11-25 16:19:10.735676,2019-11-25 16:19:10.740640
c6a04462-c519-4108-82d8-181cea0e9d02.json,2019-11-25 16:19:10.758537,2019-11-25 16:19:10.763499
07e0f7eb-a33b-443e-b2cc-419e79a5d7c6.json,2019-11-25 16:19:10.832503,2019-11-25 16:19:10.837627
15829172-0a0b-47f3-ae4f-359f5b6d211d.json,2019-11-25 16:19:10.906746,2019-11-25 16:19:10.911436
c9480ffc-ff92-4269-b223-812d9a10319f.json,2019-11-25 16:19:11.469471,2019-11-25 16:19:11.475742
66845dc9-6c1f-4807-9411-79cc45458c2f.json,2019-11-25 16:19:11.570669,2019-11-25 16:19:11.573976
a2bf23d2-a790-427b-aea4-4f49ba858d50.json,2019-11-25 16:19:11.628419,2019-11-25 16:19:11.635752
884baa80-8c79-4289-a720-1b1a1a0e332c.json,2019-11-25 16:19:11.824384,2019-11-25 16:19:11.829086
502352fa-5d0a-4c3f-8a82-e24fafc45632.json,2019-11-25 16:19:11.934430,2019-11-25 16:19:11.938742
643bc51e-9a61-43cd-9a2a-56e8d05a3bff.json,2019-11-25 16:19:12.278398,2019-11-25 16:19:12.283984
3a6b6062-3e2b-4994-bf4c-3451545f1c0a.json,2019-11-25 16:19:12.388821,2019-11-25 16:19:12.394388
37fe4645-77d9-44de-a8db-cc09aa22b050.json,2019-11-25 16:19:12.564632,2019-11-25 16:19:12.569796
32444f58-6d42-44c4-b743-8045105b3912.json,2019-11-25 16:19:12.622259,2019-11-25 16:19:12.639305
f379a1ac-0068-4fbb-ba2f-9fd6074b73d9.json,2019-11-25 16:19:12.733572,2019-11-25 16:19:12.741063
d5c417eb-78cb-43d5-befd-46a924d05e91.json,2019-11-25 16:19:13.200362,2019-11-25 16:19:13.204243
0ed0d6ff-cd87-407f-a5fe-c2e2ce715f51.json,2019-11-25 16:19:13.383159,2019-11-25 16:19:13.387920
d0da3975-78cb-45b8-b461-417a4cb226bf.json,2019-11-25 16:19:13.487315,2019-11-25 16:19:13.492905
81bfde59-bea3-466d-8e2d-6257c782ff0b.json,2019-11-25 16:19:13.495107,2019-11-25 16:19:13.502758
7835dd13-5809-4821-9f95-038e63d1bf3a.json,2019-11-25 16:19:13.674921,2019-11-25 16:19:13.679732
1a7bd792-d24a-4948-a8d3-62693cd821e5.json,2019-11-25 16:19:14.026512,2019-11-25 16:19:14.038982
b86019c3-d151-4ccb-b79a-c3891b9d37b9.json,2019-11-25 16:19:14.318145,2019-11-25 16:19:14.322801
3b020461-babc-4ba5-aa70-087a50d6a407.json,2019-11-25 16:19:14.341362,2019-11-25 16:19:14.346690
f299f0a3-4a58-48f6-9c54-5fc80872abdf.json,2019-11-25 16:19:14.663040,2019-11-25 16:19:14.667589
992c3600-93a9-4b9f-9b8a-60dc4f372f2a.json,2019-11-25 16:19:14.867828,2019-11-25 16:19:14.873146
904e9c27-11de-4498-8bfb-bd79ef198117.json,2019-11-25 16:19:15.261560,2019-11-25 16:19:15.264916
b680e32c-f619-4e49-ae74-8bf6eabe57fb.json,2019-11-25 16:19:15.515262,2019-11-25 16:19:15.520800
76fd8ba5-1aa8-4ab3-af9d-3b0815e7fcf8.json,2019-11-25 16:19:15.540696,2019-11-25 16:19:15.548130
deabc50d-1ac1-4732-b0c8-e6ce16ea99de.json,2019-11-25 16:19:15.714608,2019-11-25 16:19:15.720043
1830ce18-5b1f-4fdb-a1e1-28956f94ebf6.json,2019-11-25 16:19:15.774995,2019-11-25 16:19:15.778394
8ac6b067-7e50-4f40-a459-8ab81547ade0.json,2019-11-25 16:19:16.086709,2019-11-25 16:19:16.095907
3a419fce-5d4b-4a20-9ebe-b68174dbc1d6.json,2019-11-25 16:19:16.340656,2019-11-25 16:19:16.345152
42f43816-cc59-46c6-a465-40819ad7e997.json,2019-11-25 16:19:16.517477,2019-11-25 16:19:16.526662
7b2d05b5-553f-45ff-8c4b-026da0871fec.json,2019-11-25 16:19:16.643408,2019-11-25 16:19:16.648742
fc62c20a-0596-4e14-804e-ce62ea6d3037.json,2019-11-25 16:19:16.737976,2019-11-25 16:19:16.743267
7de81e46-f396-4012-bf36-e2c291ba22b7.json,2019-11-25 16:19:17.035875,2019-11-25 16:19:17.040225
19d2a9e3-3dd8-48ea-ac6f-d904dc56c25d.json,2019-11-25 16:19:17.336719,2019-11-25 16:19:17.341117
f5d9f34e-c4f3-4949-8ea3-7cf219212beb.json,2019-11-25 16:33:09.055866,2019-11-25 16:33:16.262296
924076ab-17ac-4815-a63f-509b5388c707.json,2019-11-25 16:33:13.716932,2019-11-25 16:33:16.583381
a69757e0-a8ee-4d1e-b249-b55396640c7f.json,2019-11-25 16:33:15.887652,2019-11-25 16:33:16.248024
f08ec493-7c68-408f-b23a-d6988ff4272d.json,2019-11-25 16:33:16.051030,2019-11-25 16:33:16.248508
1d786498-09f9-4829-a457-cea70dd2847f.json,2019-11-25 16:33:16.160127,2019-11-25 16:33:16.372104
dd653b32-e351-40ea-a620-65b431ee1efe.json,2019-11-25 16:33:16.952398,2019-11-25 16:33:16.957240
30838163-fde6-4390-9162-c8f7b3d05150.json,2019-11-25 16:33:16.976387,2019-11-25 16:33:16.981466
ee7a085d-b7e5-4245-82a9-7a14a82e59f3.json,2019-11-25 16:33:16.980642,2019-11-25 16:33:16.985626
39d99329-3044-4e15-a324-eb0bad48af55.json,2019-11-25 16:33:17.090937,2019-11-25 16:33:17.095348
837153a0-3991-4e41-801e-6352228fd700.json,2019-11-25 16:33:17.348928,2019-11-25 16:33:17.358021
24194acb-6f59-4a01-83a9-bf515d01d94a.json,2019-11-25 16:33:17.737043,2019-11-25 16:33:17.740767
7849fa56-59f1-4e37-a0c3-85068b7f9152.json,2019-11-25 16:33:17.739403,2019-11-25 16:33:17.743485
0d1f2ab8-0ec5-4e64-be55-9a87354a2ea4.json,2019-11-25 16:33:17.784781,2019-11-25 16:33:17.789740
838d4431-64ef-4557-8864-b889f2bbac41.json,2019-11-25 16:33:17.909442,2019-11-25 16:33:17.914750
cea75970-f091-426c-afd4-e01d470473f9.json,2019-11-25 16:33:18.157631,2019-11-25 16:33:18.164559
0153853a-4e85-4057-af1d-438f7ae09911.json,2019-11-25 16:33:18.492444,2019-11-25 16:33:18.499918
a48b9fd6-f7d8-4537-a21f-33867088a043.json,2019-11-25 16:33:18.530054,2019-11-25 16:33:18.536070
bd075c0b-87d5-4876-9a63-a4e7036a3794.json,2019-11-25 16:33:18.733414,2019-11-25 16:33:18.736650
bbb3505c-5895-4395-827a-3be09f6af9f0.json,2019-11-25 16:33:18.861076,2019-11-25 16:33:18.865871
26477306-d220-4361-aff4-574d6b34d881.json,2019-11-25 16:33:18.894746,2019-11-25 16:33:18.899338
06602c28-6c5d-45f2-b99a-ed66155370f7.json,2019-11-25 16:33:19.285468,2019-11-25 16:33:19.289681
fb06d3bf-7996-4c86-9455-76ccdf14903c.json,2019-11-25 16:33:19.311792,2019-11-25 16:33:19.316341
00c5e8c1-8f77-4836-b88d-e8d35ca24ba8.json,2019-11-25 16:33:19.451022,2019-11-25 16:33:19.455046
a44e7342-a1ed-46b3-92da-fea66b426403.json,2019-11-25 16:33:19.611753,2019-11-25 16:33:19.616650
747cc3e1-ff54-4148-a493-cd2af32093fe.json,2019-11-25 16:33:19.722149,2019-11-25 16:33:19.727006
da2a4c4a-fbd2-41fe-981e-8e95fefd002b.json,2019-11-25 16:33:20.263863,2019-11-25 16:33:20.268910
18cdcf7c-b361-4338-bef1-dc73396d2afd.json,2019-11-25 16:33:20.291264,2019-11-25 16:33:20.295475
dde25e0b-fecd-482e-999b-a90dbd3944d0.json,2019-11-25 16:33:20.291270,2019-11-25 16:33:20.296585
7a0e15ae-3c5c-47b3-9729-3c4d45906196.json,2019-11-25 16:33:20.363278,2019-11-25 16:33:20.370004
2cc9f424-9f9b-48f3-9332-b2eef6db2c89.json,2019-11-25 16:33:20.697676,2019-11-25 16:33:20.702918
323dd734-b0ca-45cd-a510-ea7385a7362e.json,2019-11-25 16:33:21.030777,2019-11-25 16:33:21.037124
65460447-db49-4a98-b052-5005d6cb577e.json,2019-11-25 16:33:21.208547,2019-11-25 16:33:21.212910
a1e7973f-5410-4059-8da3-feb9cf9402af.json,2019-11-25 16:33:21.258656,2019-11-25 16:33:21.266207
320a618c-bed9-4e20-b573-5637b774d203.json,2019-11-25 16:33:21.412321,2019-11-25 16:33:21.416828
75c38ac7-9a2e-41f7-98d5-bbede5e87bff.json,2019-11-25 16:33:21.459499,2019-11-25 16:33:21.468233
f5b5fd79-9cfc-4148-a36b-123ea12d428a.json,2019-11-25 16:33:21.902119,2019-11-25 16:33:21.906794
a7fd56a3-3aa6-4666-aa80-0bb278b89a7a.json,2019-11-25 16:33:21.948562,2019-11-25 16:33:21.952039
fa864bf7-953d-4ca4-b9a1-d5fd1a13ed23.json,2019-11-25 16:33:22.024351,2019-11-25 16:33:22.028864
25bffdcb-fe38-4a3c-b420-16d617638916.json,2019-11-25 16:33:22.230248,2019-11-25 16:33:22.234681
73d73b8b-1af2-4ddb-b305-6d8aef312b2d.json,2019-11-25 16:33:22.372763,2019-11-25 16:33:22.379845
ef1f8a0e-93ed-483f-ab48-b00b7083a6bb.json,2019-11-25 16:33:22.939190,2019-11-25 16:33:22.944128
002f4ab7-d664-4fd8-b954-28e5d9b850dd.json,2019-11-25 16:33:23.076466,2019-11-25 16:33:23.081324
51978e3c-0099-4f90-a332-c4ad30c07ee0.json,2019-11-25 16:33:23.091575,2019-11-25 16:33:23.095875
46a18b6f-37f8-4cf3-bf46-b11625aefa41.json,2019-11-25 16:33:23.187861,2019-11-25 16:33:23.192251
f538db00-d87e-4530-acc8-d23da08d02bc.json,2019-11-25 16:33:23.310619,2019-11-25 16:33:23.314423
65f56584-af42-4c48-89eb-8f5d19939fe0.json,2019-11-25 16:46:31.820831,2019-11-25 16:46:41.593015
eebaaa58-dde4-4a87-843f-30ed627c7d1c.json,2019-11-25 16:46:31.916015,2019-11-25 16:46:41.609209
50a139b7-50c6-4ceb-9b24-0ff58520c940.json,2019-11-25 16:46:35.813970,2019-11-25 16:46:41.593073
8dfccf14-a731-4cb0-8af9-21191842b9d9.json,2019-11-25 16:46:39.441099,2019-11-25 16:46:41.772194
3ea7d416-7e23-469b-8f30-042aefb53537.json,2019-11-25 16:46:40.490987,2019-11-25 16:46:43.376673
f2d2780b-6ec3-4e28-a782-75eef7eb6b27.json,2019-11-25 16:46:42.319203,2019-11-25 16:46:42.326967
33db91b3-965f-4048-84ea-c693271df6d2.json,2019-11-25 16:46:42.352336,2019-11-25 16:46:42.359677
a7d92e7a-369f-487c-a635-8a6d2d9a5c80.json,2019-11-25 16:46:42.372195,2019-11-25 16:46:42.375936
86ea48be-e22c-446d-b150-76495a87f566.json,2019-11-25 16:46:42.530925,2019-11-25 16:46:42.535575
9010c820-4f18-4578-bee2-834b090d02d9.json,2019-11-25 16:46:43.080829,2019-11-25 16:46:43.085455
4752158e-b7b2-4454-b94e-3a953364c8a7.json,2019-11-25 16:46:43.149400,2019-11-25 16:46:43.158037
e3a2abc4-6eca-44d9-8e7b-855f46061cd3.json,2019-11-25 16:46:43.226320,2019-11-25 16:46:43.230869
b68e312f-0a92-452e-96f0-502df04c65e3.json,2019-11-25 16:46:43.660083,2019-11-25 16:46:43.664243
9ad956ed-876b-4d6d-ab32-b44bcf960ca9.json,2019-11-25 16:46:43.852667,2019-11-25 16:46:43.857130
043eb44d-0787-4941-b13d-a98c7b80899a.json,2019-11-25 16:46:44.026260,2019-11-25 16:46:44.030457
fa5c9ae2-01bc-408b-851e-d4e73583449b.json,2019-11-25 16:46:44.176641,2019-11-25 16:46:44.182724
e5982939-6058-48f4-b2d0-df76e3706d7c.json,2019-11-25 16:46:44.198449,2019-11-25 16:46:44.203460
872f0acd-a9a0-46b0-bbc2-b1cf06938cb3.json,2019-11-25 16:46:44.510860,2019-11-25 16:46:44.527041
37e7f1c1-561a-4fde-9040-26ff04e7daf4.json,2019-11-25 16:46:44.911043,2019-11-25 16:46:44.915548
47d0214e-7917-47bc-8d86-320a202d4cfb.json,2019-11-25 16:46:44.984444,2019-11-25 16:46:44.994363
41648de0-c64f-4348-a21f-a85e0b2036c9.json,2019-11-25 16:46:45.158192,2019-11-25 16:46:45.162124
fd4bb3e0-a346-48d3-8c60-2fbf01c35447.json,2019-11-25 16:46:45.261676,2019-11-25 16:46:45.266638
1708d414-f36d-426e-a969-8566f429bfad.json,2019-11-25 16:46:45.506451,2019-11-25 16:46:45.510709
40227ff2-5652-41eb-a720-ea30d59a5de8.json,2019-11-25 16:46:45.958409,2019-11-25 16:46:45.966536
44c4c449-1300-47a7-ac35-028f239f8d1a.json,2019-11-25 16:46:46.042429,2019-11-25 16:46:46.047354
a55e5f9f-42ee-4243-9841-2b5bb19c583c.json,2019-11-25 16:46:46.231057,2019-11-25 16:46:46.235764
53778583-b19d-4d50-929a-99256164e72c.json,2019-11-25 16:46:46.243379,2019-11-25 16:46:46.248503
96517909-8948-4959-a495-105ca6aaf6fc.json,2019-11-25 16:46:46.449403,2019-11-25 16:46:46.453994
be9bad70-7fac-4791-8908-f82278107453.json,2019-11-25 16:46:47.099953,2019-11-25 16:46:47.103773
8da3d88f-7e37-46dd-98a4-450e1e17b64b.json,2019-11-25 16:46:47.320953,2019-11-25 16:46:47.328297
a3d1e12d-bd23-46ec-b6ab-efe36e3ee108.json,2019-11-25 16:46:47.463732,2019-11-25 16:46:47.471366
e67d2f8f-d38b-4ece-92bf-761c43877c19.json,2019-11-25 16:46:47.516864,2019-11-25 16:46:47.537780
fa8ffec9-924d-4d2a-9f6c-4eeb0113f246.json,2019-11-25 16:46:47.834347,2019-11-25 16:46:47.839626
f4c4c0cd-59fb-4469-8059-e06be84fcfdf.json,2019-11-25 16:46:48.227476,2019-11-25 16:46:48.235391
a28a331b-e05d-4e0c-a7de-d9bbc55c51f0.json,2019-11-25 16:46:48.437912,2019-11-25 16:46:48.443600
f68f56d3-9805-4a96-87fd-079d4274cf06.json,2019-11-25 16:46:48.579483,2019-11-25 16:46:48.584732
04facab7-951d-473b-9171-189db99e98b4.json,2019-11-25 16:46:48.778674,2019-11-25 16:46:48.786341
43582609-d579-4b33-90ec-1f2139d8f534.json,2019-11-25 16:46:48.828184,2019-11-25 16:46:48.832349
ea7348b3-bf9c-42ae-a635-4eb6944b67c7.json,2019-11-25 16:46:49.215496,2019-11-25 16:46:49.224479
795b7bae-5b26-418d-b46a-20a2f2f31c8d.json,2019-11-25 16:46:49.433188,2019-11-25 16:46:49.438103
c1b56abf-71a6-4d8c-a651-e050d5e1af79.json,2019-11-25 16:46:49.519933,2019-11-25 16:46:49.523413
acea2ad6-d1d4-47ee-b2b6-a8554ec9035b.json,2019-11-25 16:46:49.596562,2019-11-25 16:46:49.602030
6ab5a5c5-44d6-4e0f-8546-bc6c0ab7ad86.json,2019-11-25 16:46:50.004190,2019-11-25 16:46:50.010335
6b73ad7a-3c99-483a-9de8-cf7a46ed947b.json,2019-11-25 16:46:50.378127,2019-11-25 16:46:50.385364
1f508981-6867-4393-9efb-c3e8b77ecf6d.json,2019-11-25 16:46:50.456337,2019-11-25 16:46:50.461351
ed8cf7ef-9914-47db-9546-5165210f4f9d.json,2019-11-25 16:46:50.672463,2019-11-25 16:46:50.677072
e818a74d-8daa-444f-ad19-dc12f691b638.json,2019-11-25 16:46:50.974870,2019-11-25 16:46:50.979473
4a5ca91f-4f8c-476d-a164-8eb0f0c8422d.json,2019-11-25 16:46:50.977238,2019-11-25 16:46:50.982736
8a40a225-e73a-4ad7-884c-0ca3f5a89b48.json,2019-11-25 16:46:51.369291,2019-11-25 16:46:51.380902
c9c853f1-edeb-40bd-8202-76223c5a6524.json,2019-11-25 16:46:51.445776,2019-11-25 16:46:51.451007
4ec0579b-4a2b-466f-a1d9-75316fcc4ff5.json,2019-11-25 16:58:42.894007,2019-11-25 16:59:03.734817
0912dd6f-8afd-4e99-83e7-6d1113f84e29.json,2019-11-25 16:58:42.976880,2019-11-25 16:59:03.734719
90cd3a34-88fe-4cad-90d6-510b4791baca.json,2019-11-25 16:58:49.845491,2019-11-25 16:59:03.719576
7077bebe-19b4-42ef-95d3-89fe5044fbac.json,2019-11-25 16:58:56.934767,2019-11-25 16:59:03.724283
bece6b54-dd0b-40ca-a703-3ee9f87721c9.json,2019-11-25 16:58:57.596453,2019-11-25 16:59:03.766162
2b35a215-183b-405c-b0d7-31feab68b44f.json,2019-11-25 16:59:04.456962,2019-11-25 16:59:04.462987
a2e73fd6-27f1-4b32-9012-beabe2c68b70.json,2019-11-25 16:59:04.457302,2019-11-25 16:59:04.461859
d9e5919e-fd5f-4969-a492-67071f84b694.json,2019-11-25 16:59:04.457304,2019-11-25 16:59:04.461859
bffe4c63-14cc-4ab3-bc4c-d877001c4713.json,2019-11-25 16:59:04.457684,2019-11-25 16:59:04.462261
838d16c7-c4cb-43e6-8331-262022a9466e.json,2019-11-25 16:59:04.464316,2019-11-25 16:59:04.468727
1a06fef1-370e-44ad-a021-9fe95bbffc4b.json,2019-11-25 16:59:05.190479,2019-11-25 16:59:05.196021
38097d51-efa4-4839-832f-3805be94110c.json,2019-11-25 16:59:05.220363,2019-11-25 16:59:05.224754
2b1a4ffa-c54e-4abd-b948-b05a5727cfab.json,2019-11-25 16:59:05.258688,2019-11-25 16:59:05.263700
826d80c0-8029-4282-b096-0b3854001c67.json,2019-11-25 16:59:05.281563,2019-11-25 16:59:05.286223
1ca19db8-3c60-4d68-ba82-3984a6553d5f.json,2019-11-25 16:59:05.284547,2019-11-25 16:59:05.289687
84beec51-fe86-40c5-9d0a-32ab0662e992.json,2019-11-25 16:59:05.947093,2019-11-25 16:59:05.954876
c48d79cf-96da-45b1-9642-fc9f11171108.json,2019-11-25 16:59:05.974114,2019-11-25 16:59:05.978221
2b253b79-c054-45b4-84e4-3b48368fad40.json,2019-11-25 16:59:06.005449,2019-11-25 16:59:06.010246
6600b079-c0d6-467b-a09f-4482b2c9b2e4.json,2019-11-25 16:59:06.029993,2019-11-25 16:59:06.034368
d336cafe-230d-4a59-a922-1f43e90d5b55.json,2019-11-25 16:59:06.043930,2019-11-25 16:59:06.052510
22ea5ea9-5a7d-4c47-8ff7-dde9ba2f747b.json,2019-11-25 16:59:06.681633,2019-11-25 16:59:06.688259
a3dc8965-1349-4bee-8e1a-ebcbe52379ab.json,2019-11-25 16:59:06.705895,2019-11-25 16:59:06.712551
75040139-f6f9-41bb-b80d-31010e2e4f78.json,2019-11-25 16:59:06.717252,2019-11-25 16:59:06.722400
21ea7733-62d7-4df1-a1be-112b24699c0f.json,2019-11-25 16:59:06.759844,2019-11-25 16:59:06.765447
8f9bb7e2-882f-4da9-8581-132aafd8a283.json,2019-11-25 16:59:06.779629,2019-11-25 16:59:06.784711
57381e37-7e6b-437f-8e62-c9ab51f39570.json,2019-11-25 16:59:07.475018,2019-11-25 16:59:07.480243
0bdb7a2c-1668-497b-96a0-e41938c63740.json,2019-11-25 16:59:07.477904,2019-11-25 16:59:07.482980
d78b8bc3-6c67-4e0c-83d6-a3878f247a2e.json,2019-11-25 16:59:07.479132,2019-11-25 16:59:07.483060
cce56919-cd04-4c3f-a428-509721c4c7ed.json,2019-11-25 16:59:07.491647,2019-11-25 16:59:07.495552
df04d4c1-4d56-48f8-9b40-255f679ba6e5.json,2019-11-25 16:59:07.948726,2019-11-25 16:59:07.952194
19098b57-611b-4d3d-b53e-fc096c5cac53.json,2019-11-25 16:59:08.185013,2019-11-25 16:59:08.191481
f7744bbc-ee90-4fe1-82fb-e805a4cf94c8.json,2019-11-25 16:59:08.193661,2019-11-25 16:59:08.199333
2b09ca62-86e1-4d77-8f89-d432a437d191.json,2019-11-25 16:59:08.228387,2019-11-25 16:59:08.235307
e34e9512-876c-4f0a-91d1-ea9e4de31c1b.json,2019-11-25 16:59:08.258717,2019-11-25 16:59:08.263842
e10e0c66-f9a6-4fb5-91b0-a7922e3bca8e.json,2019-11-25 16:59:08.666582,2019-11-25 16:59:08.671609
4b612447-a105-4d99-97d2-ec28f0bfa18c.json,2019-11-25 16:59:08.961149,2019-11-25 16:59:08.967116
4d8b3017-a7f1-48e1-9705-2c87e36408c1.json,2019-11-25 16:59:08.983849,2019-11-25 16:59:08.988461
95195152-adb9-4f61-9683-7e69669e390b.json,2019-11-25 16:59:09.039086,2019-11-25 16:59:09.044029
d054c0a4-5fc1-4d4d-9673-d9102363cd9e.json,2019-11-25 16:59:09.044912,2019-11-25 16:59:09.048926
1567c8a6-7725-47d5-b7f0-6d04f306b476.json,2019-11-25 16:59:09.450082,2019-11-25 16:59:09.454728
c98d9923-f089-4d17-8c1f-1ad55a2e83d5.json,2019-11-25 16:59:09.750146,2019-11-25 16:59:09.754766
0d88a4a9-8686-424c-8291-cbb3f1e8a48e.json,2019-11-25 16:59:09.810893,2019-11-25 16:59:09.816005
1400eade-e3f3-4a20-b8f0-b519c804d518.json,2019-11-25 16:59:09.987347,2019-11-25 16:59:09.992318
d3008a03-9f95-4310-95d7-ef5ace2b1569.json,2019-11-25 16:59:10.095832,2019-11-25 16:59:10.099834
837a7b0b-a868-4034-a17e-ab076d2ccabf.json,2019-11-25 16:59:10.329580,2019-11-25 16:59:10.334032
d25b04de-bdd4-4554-82d1-ca69fe4f70bb.json,2019-11-25 16:59:10.481475,2019-11-25 16:59:10.485965
13b2d585-da35-4bf8-8d5d-3c34d9ab4220.json,2019-11-25 16:59:10.666701,2019-11-25 16:59:10.670815
68ade408-d5f2-4323-abc2-c2f64de2aa0e.json,2019-11-25 16:59:10.801313,2019-11-25 16:59:10.805519
795e310b-78cf-4098-be95-44a01b89908d.json,2019-11-25 16:59:10.845301,2019-11-25 16:59:10.850963
af06ecc3-5809-4ca0-866c-d7adb8ae1604.json,2019-11-25 16:59:11.081039,2019-11-25 16:59:11.086322
a5bca696-cb4a-4c85-9ac8-c9e6887537ce.json,2019-11-25 16:59:11.226228,2019-11-25 16:59:11.230957
a564511c-3a01-4bb5-81fd-5570f08193bd.json,2019-11-25 16:59:11.458881,2019-11-25 16:59:11.463399
ffdc95a7-2550-4d9a-867c-c02b630e7a87.json,2019-11-25 16:59:11.594596,2019-11-25 16:59:11.598464
cbc03431-30e5-4f0f-9b61-7d7f6ab7ad85.json,2019-11-25 16:59:11.605157,2019-11-25 16:59:11.609580
23bda155-fe73-42b8-98c7-19f8f66cef6e.json,2019-11-25 16:59:11.862329,2019-11-25 16:59:11.868557
b9a9fea9-1b2f-4d63-8c25-54cb8239e734.json,2019-11-25 16:59:11.998482,2019-11-25 16:59:12.002752
5f051b71-4185-4cb3-a866-e447adefd83f.json,2019-11-25 16:59:12.197017,2019-11-25 16:59:12.206315
783b833e-6e8e-4f32-bf01-8c719383eb42.json,2019-11-25 16:59:12.346130,2019-11-25 16:59:12.349990
6d6c7d7b-9bac-4b40-b923-e5cce46ac25f.json,2019-11-25 16:59:12.394371,2019-11-25 16:59:12.399980
4e85ce14-3960-4074-a702-e7fcb650604e.json,2019-11-25 16:59:12.663250,2019-11-25 16:59:12.667140
0c3b0b80-63d4-4574-81b6-2ea53ed8a154.json,2019-11-25 16:59:12.707309,2019-11-25 16:59:12.711978
1d392737-4b94-4983-a87a-60a58c78204c.json,2019-11-25 16:59:12.996137,2019-11-25 16:59:13.000798
060be7bb-2536-416a-b375-d93e4394e2ad.json,2019-11-25 16:59:13.088771,2019-11-25 16:59:13.092434
1b7aa660-9417-47aa-8d49-72fda2eb87cc.json,2019-11-25 16:59:13.308679,2019-11-25 16:59:13.312957
700d2696-bf82-4ca1-ac89-46a94368bb77.json,2019-11-25 16:59:13.404216,2019-11-25 16:59:13.417078
7a7634bf-ee00-4e48-b5ea-8df4c7d0f79f.json,2019-11-25 16:59:13.477242,2019-11-25 16:59:13.487049
f7bec517-6c36-45c7-a833-c4c9f19100e3.json,2019-11-25 16:59:13.780342,2019-11-25 16:59:13.789400
684a4c0e-a646-44d6-b6d5-ee9775954b19.json,2019-11-25 16:59:13.868726,2019-11-25 16:59:13.877926
fdb797a7-2314-498f-a025-c5fd68500fa9.json,2019-11-25 16:59:14.094174,2019-11-25 16:59:14.098721
b24bd18e-2313-4de0-924c-3e3235e9581d.json,2019-11-25 16:59:14.177413,2019-11-25 16:59:14.181463
e8414ae3-c5a0-4601-9ab2-7a905795231f.json,2019-11-25 16:59:14.435670,2019-11-25 16:59:14.439924
b3ab3146-29af-478c-b0cf-b9c76b025f34.json,2019-11-25 16:59:14.600920,2019-11-25 16:59:14.605248
5ef51019-7ce8-4b3b-8006-b7981e51fa3d.json,2019-11-25 16:59:14.758968,2019-11-25 16:59:14.764960
9bb667c5-e0c7-471d-bb0d-55a00101290c.json,2019-11-25 16:59:14.952297,2019-11-25 16:59:14.956822
1f67cca7-6436-4a6d-9923-2e583ac700c1.json,2019-11-25 16:59:14.963043,2019-11-25 16:59:14.971808
9ffe94d3-1d94-41cb-890a-5e8601695c3c.json,2019-11-25 16:59:15.297010,2019-11-25 16:59:15.300827
53d63894-f9f2-45dc-a857-ed7672e2d68f.json,2019-11-25 16:59:15.474156,2019-11-25 16:59:15.478208
6cbb7579-75b3-47b7-a51f-bc56552fd75d.json,2019-11-25 16:59:15.517955,2019-11-25 16:59:15.534279
70420817-3fa7-4706-b2ef-105a98a7a52f.json,2019-11-25 16:59:15.724879,2019-11-25 16:59:15.730313
efbb4ee5-90c2-4b09-a494-79cdc19957cd.json,2019-11-25 16:59:15.736945,2019-11-25 16:59:15.741260
a48dd071-6c11-4cef-8ed1-86c6af2f36a9.json,2019-11-25 16:59:16.100186,2019-11-25 16:59:16.104026
e82d9a54-72f4-4534-86e3-cbdbfc00fd21.json,2019-11-25 16:59:16.289184,2019-11-25 16:59:16.293116
a713e3ca-a9ee-4497-8fd5-e24d0c2d2e27.json,2019-11-25 16:59:16.311472,2019-11-25 16:59:16.317096
46173c6c-4b77-4613-bcc6-ef3ca92ea1b7.json,2019-11-25 16:59:16.488993,2019-11-25 16:59:16.493640
cabf6676-d0d9-49a3-802c-6111e5c03d17.json,2019-11-25 16:59:16.526778,2019-11-25 16:59:16.534384
d46b3beb-c843-4363-85dc-4bada1331629.json,2019-11-25 16:59:16.886776,2019-11-25 16:59:16.891786
2ceead4c-d524-4f43-a021-b884739400d4.json,2019-11-25 16:59:17.027277,2019-11-25 16:59:17.032430
69bada8a-067c-4605-ba23-3c6e8d722ad1.json,2019-11-25 16:59:17.062058,2019-11-25 16:59:17.066815
18962ed3-076e-485c-8c19-1766aed4a587.json,2019-11-25 16:59:17.255575,2019-11-25 16:59:17.259968
8e7ca0d7-4891-4085-909d-d5a8713a9519.json,2019-11-25 16:59:17.285240,2019-11-25 16:59:17.290082
b9abb19c-cedd-43e4-89ca-be76dd123e73.json,2019-11-25 16:59:17.683810,2019-11-25 16:59:17.688859
517bea9f-32f5-4c26-a8db-fb368fa395bc.json,2019-11-25 16:59:17.798888,2019-11-25 16:59:17.812596
ade0e29f-34ac-44b1-8018-21ad2019a53d.json,2019-11-25 16:59:18.121158,2019-11-25 16:59:18.126010
6198e4d0-5917-4eba-be64-8e408a3d0173.json,2019-11-25 16:59:18.152225,2019-11-25 16:59:18.155632
ade11b7b-7668-4d6f-bf77-69d54532f096.json,2019-11-25 16:59:18.169605,2019-11-25 16:59:18.185674
fb21e1aa-3031-408b-b603-f1ee646b6835.json,2019-11-25 16:59:18.893275,2019-11-25 16:59:18.898559
c8ba8217-3c95-4ec5-90be-27cc4af13634.json,2019-11-25 16:59:18.920164,2019-11-25 16:59:18.924350
e2f426fc-44b0-4979-9cc1-04baa3faab4e.json,2019-11-25 16:59:18.963535,2019-11-25 16:59:18.967711
ffa095e0-8fb5-44c0-aa1d-a2d42b0cb8bf.json,2019-11-25 16:59:19.287805,2019-11-25 16:59:19.292159
e903b5da-6107-4918-8d31-76aa8cdcbb9b.json,2019-11-25 16:59:19.302293,2019-11-25 16:59:19.307348
ebae0661-b454-453c-8930-564d44f4175c.json,2019-11-25 16:59:19.677516,2019-11-25 16:59:19.682220
d193bd2e-8864-4f87-a4f7-f3fcd4b0aba6.json,2019-11-25 16:59:19.741260,2019-11-25 16:59:19.746261
f68c2dff-7b3f-47b4-a050-f4f899b1ce58.json,2019-11-25 16:59:19.763256,2019-11-25 16:59:19.767803
86358648-9f46-466e-8a48-3ba94e8a5e13.json,2019-11-25 17:10:47.780138,2019-11-25 17:11:02.291411
1a29d9b3-b992-441a-9b3a-3784a8777199.json,2019-11-25 17:10:50.088557,2019-11-25 17:11:02.294612
6b276315-1757-4946-aab9-ddf90702411f.json,2019-11-25 17:10:50.264143,2019-11-25 17:11:02.292334
08db496d-e381-4e7b-8003-0c75fa95c10a.json,2019-11-25 17:11:00.115611,2019-11-25 17:11:02.710076
fe7ba1f0-3c86-4d2e-ad8d-f70682ac894c.json,2019-11-25 17:11:00.157308,2019-11-25 17:11:04.019943
ddd8a279-b322-4d6a-b0ef-fdad65b6425f.json,2019-11-25 17:11:02.972172,2019-11-25 17:11:02.977681
f57a6315-3f37-4225-8773-3043c66ad17f.json,2019-11-25 17:11:02.973549,2019-11-25 17:11:02.977390
0ce4d84a-6bd9-4a6c-8d6b-e4c0d3e8a188.json,2019-11-25 17:11:02.983906,2019-11-25 17:11:02.989503
a445f123-f52e-4e77-a60e-e73cfbd11f54.json,2019-11-25 17:11:03.388932,2019-11-25 17:11:03.393675
5c070ff5-6805-4e1c-b130-92b47c340459.json,2019-11-25 17:11:03.650221,2019-11-25 17:11:03.654594
21ab3af4-eb76-4c84-9b42-d7c560a33d84.json,2019-11-25 17:11:03.683320,2019-11-25 17:11:03.687807
d5d18973-b836-4187-b4f2-66fd67adb94d.json,2019-11-25 17:11:03.746694,2019-11-25 17:11:03.750797
6f9090e3-c29c-41ed-b0f7-3aa77c35925e.json,2019-11-25 17:11:04.128654,2019-11-25 17:11:04.136550
8db9db14-8b69-44ef-ae1e-cf5231c62281.json,2019-11-25 17:11:04.351612,2019-11-25 17:11:04.355651
42298bf6-38e1-4b2c-a3d8-ba51d181f21a.json,2019-11-25 17:11:04.536333,2019-11-25 17:11:04.542248
d2242577-b40e-48ca-9bfb-ac4181881d99.json,2019-11-25 17:11:04.541937,2019-11-25 17:11:04.545586
7975045d-51c4-44f4-92fb-44896dffa787.json,2019-11-25 17:11:04.787265,2019-11-25 17:11:04.790720
93629b53-b9b5-42f3-93a6-821a3802fefe.json,2019-11-25 17:11:04.900411,2019-11-25 17:11:04.905508
84f6b394-4891-42f7-9a3a-e94471c1517c.json,2019-11-25 17:11:05.158783,2019-11-25 17:11:05.163756
8654af15-28ae-4bb5-a2d2-0493fe1d8c00.json,2019-11-25 17:11:05.247294,2019-11-25 17:11:05.261154
1faa94fc-afd1-4303-9c69-07e4ccafd38b.json,2019-11-25 17:11:05.332885,2019-11-25 17:11:05.339473
bc9aa819-f6fe-41b7-becf-ab2ed8a9abd3.json,2019-11-25 17:11:05.700737,2019-11-25 17:11:05.705981
b7882606-7500-4d83-9403-56d2e0b6dced.json,2019-11-25 17:11:06.106490,2019-11-25 17:11:06.111015
7b10507f-930d-42e7-9396-22c7bdbbbd60.json,2019-11-25 17:11:06.148125,2019-11-25 17:11:06.152403
fe861220-60f5-4bd0-8872-a60aa81742a5.json,2019-11-25 17:11:06.214387,2019-11-25 17:11:06.218535
7f3f7fa4-2a58-456b-ae85-d99a890640ca.json,2019-11-25 17:11:06.387678,2019-11-25 17:11:06.392136
5ce69cd6-8aee-492c-bbbe-5cf495f78ba4.json,2019-11-25 17:11:06.542640,2019-11-25 17:11:06.547417
febd6cb1-bda9-45f2-bd44-6da56124bc69.json,2019-11-25 17:11:06.881776,2019-11-25 17:11:06.885996
f11b4670-57fa-4744-b3d1-655144648822.json,2019-11-25 17:11:06.943997,2019-11-25 17:11:06.949012
1a31847b-4f05-41c7-b35b-d7171af329a7.json,2019-11-25 17:11:06.994878,2019-11-25 17:11:06.999586
57ba78ad-8acc-4321-a26f-252005526f31.json,2019-11-25 17:11:07.210044,2019-11-25 17:11:07.216486
0a882915-153a-4d14-b12a-622de73bfe43.json,2019-11-25 17:11:07.348437,2019-11-25 17:11:07.352219
d643aa85-235f-4e22-99a3-60b1d75e1eb9.json,2019-11-25 17:11:07.665248,2019-11-25 17:11:07.670926
18d0ffbc-8642-4719-a471-c2496cce1d14.json,2019-11-25 17:11:07.752073,2019-11-25 17:11:07.756932
7a5fa8d9-c062-4085-a7dd-fc7ae440f17f.json,2019-11-25 17:11:07.754537,2019-11-25 17:11:07.760931
e52516e0-7196-444e-a25b-f228438540bd.json,2019-11-25 17:11:08.016446,2019-11-25 17:11:08.021513
afb9bf31-effe-4051-9097-30e5930dc71d.json,2019-11-25 17:11:08.174771,2019-11-25 17:11:08.180258
7bdec09b-bb69-4bac-a05e-72988eaeb8ae.json,2019-11-25 17:11:08.469853,2019-11-25 17:11:08.485284
02a41ae0-22a9-4c39-ab46-bd1740bd3882.json,2019-11-25 17:11:08.537520,2019-11-25 17:11:08.541755
8db82a59-21c0-4a41-9b68-522f891c8a43.json,2019-11-25 17:11:08.578262,2019-11-25 17:11:08.582507
f52017ab-760f-4bf0-a058-1d93bde80c5f.json,2019-11-25 17:11:08.860944,2019-11-25 17:11:08.865585
1ad07ee7-2573-47ac-bc9e-28b094e9058d.json,2019-11-25 17:11:08.963130,2019-11-25 17:11:08.969343
a472c5f2-3a02-4a19-adf1-9cfbec8ea2f6.json,2019-11-25 17:11:09.282070,2019-11-25 17:11:09.286719
f779c933-0aac-40b1-b19a-68ff804b939f.json,2019-11-25 17:11:09.288617,2019-11-25 17:11:09.292687
69fcaab6-d8a9-41e1-8b82-2c897a5d9c65.json,2019-11-25 17:11:09.524374,2019-11-25 17:11:09.528784
2f682d30-d043-4353-b488-d46cf3736de2.json,2019-11-25 17:11:09.614392,2019-11-25 17:11:09.619050
86630786-39a9-40ec-9f60-b78875a617d0.json,2019-11-25 17:11:09.664972,2019-11-25 17:11:09.671887
1b15190d-4d10-467e-ae4a-55c3adc2590c.json,2019-11-25 17:11:10.032414,2019-11-25 17:11:10.036447
770cd8b4-0398-4ad9-ac8c-3c5747982662.json,2019-11-25 17:11:10.042817,2019-11-25 17:11:10.048098
8d6eb997-c592-4e4d-9816-ba4fc71c438a.json,2019-11-25 17:11:10.317146,2019-11-25 17:11:10.321840
19008193-4935-46ce-be67-2cc3fe1f4ebb.json,2019-11-25 17:11:10.398403,2019-11-25 17:11:10.404000
656c9ace-84af-4f41-9530-0201ebfe3231.json,2019-11-25 17:11:10.544075,2019-11-25 17:11:10.548644
339baad8-b32e-45be-9880-29aa40923aa0.json,2019-11-25 17:11:10.840824,2019-11-25 17:11:10.852732
a06de160-e978-47aa-acad-1e5b5653169a.json,2019-11-25 17:11:10.932906,2019-11-25 17:11:10.937852
9ef8f06a-16d3-4c5c-892d-08fc32634755.json,2019-11-25 17:11:11.090615,2019-11-25 17:11:11.094777
13cf6b07-97fe-4d2d-bf96-c67a4c8836cd.json,2019-11-25 17:11:11.204982,2019-11-25 17:11:11.212367
a1ceae0b-5fc7-4d10-9d1d-b26543c0faaf.json,2019-11-25 17:11:11.283233,2019-11-25 17:11:11.288506
1ed2b163-7196-4970-8cd7-8edccec949bb.json,2019-11-25 17:24:55.457114,2019-11-25 17:25:11.820110
1351bb12-07a2-4f53-86ee-917ab1fa92af.json,2019-11-25 17:25:01.126823,2019-11-25 17:25:11.836446
4f0132b5-b982-4705-8866-f94ca1380d8f.json,2019-11-25 17:25:02.914666,2019-11-25 17:25:11.816639
89ac78d2-4b0f-4c21-92fe-6599b2ad85ce.json,2019-11-25 17:25:03.100035,2019-11-25 17:25:11.819122
6f140182-09d6-41f2-81e3-823e246037ca.json,2019-11-25 17:25:10.801266,2019-11-25 17:25:13.123781
3c6de741-873c-4699-be0b-673d732fc594.json,2019-11-25 17:25:12.541038,2019-11-25 17:25:12.545621
62d9ae67-f47d-45c6-965d-f7a0c9fe3f0d.json,2019-11-25 17:25:12.571198,2019-11-25 17:25:12.575689
4d3c204e-5ade-46e8-a184-1c88ae751084.json,2019-11-25 17:25:12.577840,2019-11-25 17:25:12.585142
edf75b64-5d7c-4e82-88b5-8c97559cdf4e.json,2019-11-25 17:25:12.592848,2019-11-25 17:25:12.602568
8a5d2401-eea8-4758-8167-4e9287368284.json,2019-11-25 17:25:13.271090,2019-11-25 17:25:13.276726
64ffb8be-d939-4bf4-9ead-d9ff519daef2.json,2019-11-25 17:25:13.316787,2019-11-25 17:25:13.322230
7e6d7e66-16df-491e-b75d-707d59d27446.json,2019-11-25 17:25:13.398425,2019-11-25 17:25:13.403976
67a6023d-13ac-4456-8077-223ca9018207.json,2019-11-25 17:25:13.438851,2019-11-25 17:25:13.442971
69e41139-bdf4-4673-bd87-573f7db6bb3e.json,2019-11-25 17:25:13.851352,2019-11-25 17:25:13.855980
b4e07055-bc9f-4c4f-b66e-40db0a4bb541.json,2019-11-25 17:25:14.018123,2019-11-25 17:25:14.027334
20255ffc-edc2-401c-aeda-ca8244adea5c.json,2019-11-25 17:25:14.052969,2019-11-25 17:25:14.058450
dcb0b4e0-1c5f-40cc-b6c2-45e0236180f0.json,2019-11-25 17:25:14.160336,2019-11-25 17:25:14.165173
b3e5c073-1b43-43e7-8288-a30c396ac198.json,2019-11-25 17:25:14.215380,2019-11-25 17:25:14.220273
6dbf7ee7-85ae-48be-b607-db7d605ed2b4.json,2019-11-25 17:25:14.607141,2019-11-25 17:25:14.613069
8802cddd-aa99-4fc8-b397-6d2647a45a3c.json,2019-11-25 17:25:14.913349,2019-11-25 17:25:14.917618
4dff72cd-8c72-49ea-a87a-9176fb2f0d0d.json,2019-11-25 17:25:14.988141,2019-11-25 17:25:14.992653
e192e000-5c63-4461-a99d-f47f8b49f7b2.json,2019-11-25 17:25:14.989378,2019-11-25 17:25:14.994795
0a455ec2-e299-40d8-8edc-dc290b7a8262.json,2019-11-25 17:25:15.064382,2019-11-25 17:25:15.070072
9e3451d7-a789-413d-ae2a-68b8aee9b14d.json,2019-11-25 17:25:15.441282,2019-11-25 17:25:15.446726
d961a7bb-8837-4a83-af94-1da090e70f17.json,2019-11-25 17:25:15.646689,2019-11-25 17:25:15.652123
7541089d-eaf3-4a4a-ae95-7b57315d45e3.json,2019-11-25 17:25:15.728575,2019-11-25 17:25:15.732437
4baf36f3-17f3-4781-a050-f801b9e8b899.json,2019-11-25 17:25:15.821414,2019-11-25 17:25:15.826691
3fd1129b-3521-41f9-a06f-4c3320b8a7f9.json,2019-11-25 17:25:15.997288,2019-11-25 17:25:16.002598
f69c0ace-0c75-49ae-a593-5b8e855dc499.json,2019-11-25 17:25:16.180712,2019-11-25 17:25:16.184482
ab82954b-e2e1-472a-b290-7526e6eb1c78.json,2019-11-25 17:25:16.443926,2019-11-25 17:25:16.448238
f4e228b2-0f1e-44eb-8877-ef70bac49c07.json,2019-11-25 17:25:16.503344,2019-11-25 17:25:16.509824
02f578b2-bff0-431f-9f14-2d750151bf0b.json,2019-11-25 17:25:16.515940,2019-11-25 17:25:16.520480
b71dbb0a-0c2b-416a-ae4b-8eb54d619a04.json,2019-11-25 17:25:16.711742,2019-11-25 17:25:16.722349
8d3e4966-cae7-41c6-8eb8-dad4dceebe27.json,2019-11-25 17:25:16.911902,2019-11-25 17:25:16.916294
2f087cd6-a033-46a9-b76e-5cacdaee6f9e.json,2019-11-25 17:25:17.187460,2019-11-25 17:25:17.192151
7e69ccd6-618b-402c-ad18-416dc6d64e80.json,2019-11-25 17:25:17.283525,2019-11-25 17:25:17.288639
037a9212-f01e-4bea-8e5e-f9d1c885859b.json,2019-11-25 17:25:17.283671,2019-11-25 17:25:17.289547
4e718035-b6ee-4fc2-9757-e5555de45326.json,2019-11-25 17:25:17.573997,2019-11-25 17:25:17.579889
94bd3ab1-8314-49e4-92d3-c7e68468091e.json,2019-11-25 17:25:17.721307,2019-11-25 17:25:17.725314
d0f44edd-2ec2-4ed4-a450-5c35bb72564b.json,2019-11-25 17:25:18.042199,2019-11-25 17:25:18.053043
2e7d102a-7961-462e-9bf5-9893e2874c7b.json,2019-11-25 17:25:18.092567,2019-11-25 17:25:18.096709
487b71a7-1274-49a2-b6ed-353aafac8b87.json,2019-11-25 17:25:18.149087,2019-11-25 17:25:18.155042
3fa9cde8-b648-4e22-a68a-93b6c9b4b76b.json,2019-11-25 17:25:18.492053,2019-11-25 17:25:18.498464
34c515f3-1d75-493a-8128-687a5a00cfaf.json,2019-11-25 17:25:19.033269,2019-11-25 17:25:19.046667
4c44122f-e75b-4346-a032-388d23c62bdf.json,2019-11-25 17:25:19.047504,2019-11-25 17:25:19.052024
6e72fcf4-da85-4495-a9f0-034c957ac381.json,2019-11-25 17:25:19.200412,2019-11-25 17:25:19.205513
559eb4c7-5de8-4633-8dd2-be93b0b90422.json,2019-11-25 17:25:19.296734,2019-11-25 17:25:19.313208
cd65150a-106a-463d-b0b5-545c40947c60.json,2019-11-25 17:25:19.567107,2019-11-25 17:25:19.571360
633384f2-1705-4dfa-af4a-940fb7316f5f.json,2019-11-25 17:25:19.877590,2019-11-25 17:25:19.883342
4dfbb5c7-42a0-448d-8480-6b29c2469a43.json,2019-11-25 17:25:19.966925,2019-11-25 17:25:19.972064
5f2b410e-3791-4d1e-bf54-f683419fc213.json,2019-11-25 17:25:20.040052,2019-11-25 17:25:20.046873
1ab1b501-8d10-47c1-8a35-20fe42e623ba.json,2019-11-25 17:25:20.258093,2019-11-25 17:25:20.262504
11e37f36-6c3e-4785-b0f0-8ec7636a17ab.json,2019-11-25 17:25:20.345056,2019-11-25 17:25:20.351444
cff2f6d5-18cf-4d36-8d63-f0f98520b6cf.json,2019-11-25 17:25:20.645123,2019-11-25 17:25:20.649166
c24644e7-aa3a-499e-ba2b-b4a084c3cd32.json,2019-11-25 17:25:20.738399,2019-11-25 17:25:20.742273
03e6e7b9-8ff5-401e-a7eb-88758a10a56e.json,2019-11-25 17:25:20.809092,2019-11-25 17:25:20.813944
8d7a794d-a9e9-4e26-875f-3a87fa342eb2.json,2019-11-25 17:25:21.054411,2019-11-25 17:25:21.058763
417472a6-6b21-445a-bf86-ac7aeb921930.json,2019-11-25 17:25:21.116598,2019-11-25 17:25:21.120677
ff43b449-a1a5-4f6b-960c-2f67aab04921.json,2019-11-25 17:25:21.364667,2019-11-25 17:25:21.368551
b9585e29-0656-48d0-b708-ee94f83ad713.json,2019-11-25 17:25:21.503064,2019-11-25 17:25:21.507134
b0504cba-292c-40ac-97c9-4f7ccdfa19af.json,2019-11-25 17:37:03.016634,2019-11-25 17:37:16.038832
c2026c57-06ff-4c1b-9e40-0cfa3b3f23c1.json,2019-11-25 17:37:06.183838,2019-11-25 17:37:16.038912
f8e9250e-e295-4787-ad33-448036964384.json,2019-11-25 17:37:06.360067,2019-11-25 17:37:16.056722
964f30f6-5b7e-454d-84b1-bbcf4d949b0d.json,2019-11-25 17:37:14.284771,2019-11-25 17:37:16.461266
db89d1b4-b033-48f4-8206-15013b2c44b6.json,2019-11-25 17:37:15.274381,2019-11-25 17:37:17.638436
7d38cf00-ded9-4d6e-9bdf-1a4e10f4c1ea.json,2019-11-25 17:37:16.706698,2019-11-25 17:37:16.711465
20c249da-cc59-46b7-a685-289e4d5325ca.json,2019-11-25 17:37:16.730952,2019-11-25 17:37:16.734323
3c200963-0514-4bbf-be14-e91c57925387.json,2019-11-25 17:37:16.733448,2019-11-25 17:37:16.737624
c8a8ba87-6a67-4159-98f1-78d81525f3b9.json,2019-11-25 17:37:17.133251,2019-11-25 17:37:17.140775
de0a9f6a-e730-4012-aee3-fe5b337f9198.json,2019-11-25 17:37:17.365981,2019-11-25 17:37:17.370887
4e5a7a13-3478-4b17-a227-52378d11f8ee.json,2019-11-25 17:37:17.437141,2019-11-25 17:37:17.442050
6189fc8e-9df7-4491-8312-da1924d1e167.json,2019-11-25 17:37:17.510643,2019-11-25 17:37:17.516914
c97cb08e-e548-4e81-91ba-53f2f1890719.json,2019-11-25 17:37:17.917415,2019-11-25 17:37:17.925180
31c5cb62-4e1f-4f85-ac8e-f1f6151cd3c4.json,2019-11-25 17:37:18.191437,2019-11-25 17:37:18.196362
0444545a-bd96-4b4c-9969-1e7a05b15474.json,2019-11-25 17:37:18.205708,2019-11-25 17:37:18.210645
a8425588-7d0b-4043-a116-a341d6e0864e.json,2019-11-25 17:37:18.279452,2019-11-25 17:37:18.284085
2b989243-97c7-45bb-8348-5eb3a10cbc95.json,2019-11-25 17:37:18.555787,2019-11-25 17:37:18.560396
0d5be87f-15e0-42c9-9a7f-35282560cee4.json,2019-11-25 17:37:18.682119,2019-11-25 17:37:18.687253
137fa1f0-8dc5-462b-8aa4-2edfbc5d3e13.json,2019-11-25 17:37:18.879359,2019-11-25 17:37:18.883420
bd272ce0-c036-4e49-9e5c-a6b7421dd69b.json,2019-11-25 17:37:18.905626,2019-11-25 17:37:18.910627
7b708aa8-f40a-4b42-a1c3-4d334190b5fb.json,2019-11-25 17:37:19.014281,2019-11-25 17:37:19.018129
69433b5d-747d-42af-8eb9-c253ec6984c5.json,2019-11-25 17:37:19.309734,2019-11-25 17:37:19.315442
184319cf-c607-4e43-831a-fa516e107e3c.json,2019-11-25 17:37:19.406301,2019-11-25 17:37:19.410100
e5e1489f-69a9-4559-b5b7-a99e1cae72cb.json,2019-11-25 17:37:19.664156,2019-11-25 17:37:19.668720
60256e13-1824-4d9a-bad7-9441894355eb.json,2019-11-25 17:37:19.730580,2019-11-25 17:37:19.736412
67deb43c-69d9-4bd1-b2ce-3353a58871ac.json,2019-11-25 17:37:19.808318,2019-11-25 17:37:19.813279
5acc591d-8aba-43cb-acd4-d8e09a59e705.json,2019-11-25 17:37:20.065520,2019-11-25 17:37:20.072786
4591ff75-f454-4168-a6da-00c8c3dbb17d.json,2019-11-25 17:37:20.195991,2019-11-25 17:37:20.201338
8c027f15-c3e6-49f2-8bd5-2b3be574f7cf.json,2019-11-25 17:37:20.475606,2019-11-25 17:37:20.479620
a480dc8f-6bf5-473c-af4c-295e26f1a2eb.json,2019-11-25 17:37:20.536020,2019-11-25 17:37:20.540785
d39dc886-796c-495d-9389-d332049cfc12.json,2019-11-25 17:37:20.881260,2019-11-25 17:37:20.887589
3a790fdd-caba-4ae5-be24-9ea7dd3021e7.json,2019-11-25 17:37:20.921690,2019-11-25 17:37:20.926212
624a6a88-5741-421c-8df3-f0ec3ba7c587.json,2019-11-25 17:37:20.955169,2019-11-25 17:37:20.959908
6d18e686-475f-403e-b30d-7d1c7a0ea097.json,2019-11-25 17:37:21.275343,2019-11-25 17:37:21.281338
dd6191d6-c9f5-4051-b271-ada43df1903d.json,2019-11-25 17:37:21.293188,2019-11-25 17:37:21.297688
00187741-8671-4e56-bef6-3143dc0b40d6.json,2019-11-25 17:37:21.668129,2019-11-25 17:37:21.672561
0a217d10-06ad-4074-9139-46e4c1b98d26.json,2019-11-25 17:37:21.684642,2019-11-25 17:37:21.688544
977466bf-f13e-4928-8c70-ecae976ba80f.json,2019-11-25 17:37:21.689918,2019-11-25 17:37:21.696890
537f2f4a-f731-4982-ba68-f1c68612de9d.json,2019-11-25 17:37:22.057900,2019-11-25 17:37:22.061558
8cdd6731-b543-4802-9e94-a8329893bd4b.json,2019-11-25 17:37:22.076853,2019-11-25 17:37:22.081460
921ad112-d4b9-4ccf-95b4-bd9e3d9c5113.json,2019-11-25 17:37:22.463535,2019-11-25 17:37:22.468477
2be99477-3327-4f9d-8a17-090c5d27e18f.json,2019-11-25 17:37:22.493766,2019-11-25 17:37:22.500345
04d893fc-332d-4d3d-bae2-23b46fb2fe21.json,2019-11-25 17:37:22.548515,2019-11-25 17:37:22.557664
f94f8bf7-0c23-4af6-b102-4795f6c546c8.json,2019-11-25 17:37:22.824032,2019-11-25 17:37:22.829317
119a624f-066b-4a15-a77e-25a021ac80d3.json,2019-11-25 17:37:22.832652,2019-11-25 17:37:22.838768
08f5e46c-355e-4f02-8576-8a1c19a81fcf.json,2019-11-25 17:37:23.216782,2019-11-25 17:37:23.223895
3892818c-fcba-48d4-b0ae-e775ef98d73c.json,2019-11-25 17:37:23.272637,2019-11-25 17:37:23.276960
36be5207-329c-482f-afaa-a67b9d604714.json,2019-11-25 17:37:23.546689,2019-11-25 17:37:23.558367
0dd75548-9527-46d9-aae8-569cec95ade4.json,2019-11-25 17:37:23.635017,2019-11-25 17:37:23.645773
2f0db756-b152-4f54-8563-b46ed1bbe2c0.json,2019-11-25 17:37:23.638614,2019-11-25 17:37:23.641806
658c1555-eaf2-416c-b7e5-97a60d9dd284.json,2019-11-25 17:37:23.991204,2019-11-25 17:37:23.996228
5540fac8-47fe-4e3b-b218-fe48308578aa.json,2019-11-25 17:37:24.042229,2019-11-25 17:37:24.049929
9808dcd4-bc4e-4c08-9656-232de43ea0a2.json,2019-11-25 17:37:24.346988,2019-11-25 17:37:24.351669
e7cfff75-7226-4fc6-874f-0c3edd892ad5.json,2019-11-25 17:37:24.404272,2019-11-25 17:37:24.409923
b310af1f-5913-4243-945e-44d3ff692c54.json,2019-11-25 17:37:24.463158,2019-11-25 17:37:24.468944
9358680c-522b-4cf8-8dad-5e30f8e4aa6c.json,2019-11-25 17:37:24.857968,2019-11-25 17:37:24.861435
3c5e0ae4-6570-4e65-9f56-86c23013e2c8.json,2019-11-25 17:37:24.893662,2019-11-25 17:37:24.898328
9178eb9d-becf-4bea-9a41-1747aae4137f.json,2019-11-25 17:37:25.140629,2019-11-25 17:37:25.145068
b0aa35f4-668a-4516-92c4-3dc39c42f6c3.json,2019-11-25 17:37:25.158675,2019-11-25 17:37:25.163926
560c6ffa-3569-4181-8c9c-e47925c4cf57.json,2019-11-25 17:37:25.188982,2019-11-25 17:37:25.196836
72798b11-0979-4c2e-9957-2fcb65806618.json,2019-11-25 17:50:26.215737,2019-11-25 17:50:40.053611
958e2d38-eb55-4ddc-866a-68f919aca183.json,2019-11-25 17:50:28.484408,2019-11-25 17:50:40.053582
86666f72-e234-44ec-a948-e4418b7caadf.json,2019-11-25 17:50:39.960553,2019-11-25 17:50:40.118127
0ef49071-70b9-4329-8af9-dcc96aafe1ea.json,2019-11-25 17:50:40.002528,2019-11-25 17:50:40.034067
